"","DMY","DMC","PH","DtTAS","DtSILK"
"CFD02-003",200.880009464682,30.4284513805702,307.983295395007,85.8911303818312,88.3777268460464
"CFD02-006",191.969922249973,33.3329977366827,279.661943203901,83.1116121866485,84.4910385245489
"CFD02-010",207.865890530196,32.0689598514901,300.088469811975,84.9933841508546,85.783083189623
"CFD02-024",195.001548277169,32.179900762212,290.242366170433,83.6116655027878,86.4829819594598
"CFD02-027",207.887431410857,34.3852568549468,296.316712276825,81.0337018228465,81.0233594370379
"CFD02-036",195.872706023198,33.5870453209527,292.872486739147,82.0347020157254,84.4284491157583
"CFD02-038",209.600489389522,34.4591378797211,306.853935130457,83.7795494579334,86.4240899449523
"CFD02-041",174.157930860107,33.9277927399787,283.549383481018,81.069374104152,82.9614273371034
"CFD02-047",189.93601375952,35.6567190151933,299.063602524831,83.1227368713594,85.048413552441
"CFD02-048",201.59204985429,31.9586278169993,296.861704362305,85.6358648146868,86.3851801167932
"CFD02-051",183.01191266758,36.3504611484943,275.074923726354,81.9214360750634,82.1814264344618
"CFD02-053",199.459442590116,31.9278194020576,294.200482910683,85.3939295593569,85.242012413662
"CFD02-057",192.208642387034,33.5277534801187,297.461102302467,82.8543131777143,85.4078224647026
"CFD02-059",190.536558044992,34.0060225546288,284.615325776001,84.5360626495071,86.798147950869
"CFD02-060",191.732653244841,33.4894767944433,297.74200230215,83.8848643035523,85.1171224491752
"CFD02-061",218.149765678771,32.2282574505325,309.864894738017,84.455793504624,86.4043065440518
"CFD02-063",169.709943295845,37.3471103151629,283.333934416329,82.7463488632992,83.7148768546329
"CFD02-069",200.111528853323,33.5402902989057,293.492650559295,84.9102440373292,86.7710578716656
"CFD02-072",198.707489845505,31.8306628841577,300.425034113187,82.945022432526,86.8939712576786
"CFD02-073",212.593699366712,33.9549397937155,305.780023845075,84.023105276854,86.1954387151155
"CFD02-074",194.285484173977,31.7376584501298,300.594590524087,83.9954792401374,86.9071830979861
"CFD02-075",185.789966495046,32.7930063913124,285.818128250932,82.6594126325003,86.1234329854392
"CFD02-076",165.65408545814,35.2038653687699,279.613949418395,81.6018475665388,83.0862300788628
"CFD02-077",218.226290383174,34.2363209951154,299.270759811506,82.9603841957708,83.3076821171401
"CFD02-078",202.723923681636,30.7244478243616,300.754433878985,83.6978769608193,86.588204026306
"CFD02-079",177.413070529655,34.0433094423844,280.589202975678,80.9629639138871,84.5135818429927
"CFD02-081",201.781674595857,32.8859222572097,293.266286527793,83.6566049035536,86.2712368674514
"CFD02-082",190.137621988383,31.2765164777914,301.599497375099,83.8209228032777,86.5107327644037
"CFD02-085",181.504308665868,34.4901307122058,284.811030703309,82.7099690658584,84.5805989790715
"CFD02-086",217.994249154389,32.6802909009419,301.333018664775,84.7202921242714,86.5221587794111
"CFD02-090",189.405342452001,32.7246748901593,293.99378103521,85.1186764721746,85.2043658408595
"CFD02-091",208.961710137904,31.9933535098612,307.130122592854,85.3009508357958,88.1273878697763
"CFD02-092",186.856444777079,33.027791031038,285.166853877156,83.5129546688433,85.3330243348888
"CFD02-095",198.796130805948,31.4693856582442,291.528444719448,84.6559729283423,85.587494432397
"CFD02-097",146.664433392267,30.7005339809453,289.667976094072,86.4751925032385,86.6059814916157
"CFD02-098",190.012639539805,33.7654791904926,292.335571717823,82.4291559068986,85.9244343537408
"CFD02-099",204.219185134966,30.561830762596,314.980059419895,84.6439875906478,88.2558719227066
"CFD02-100",199.964312949841,32.8566632969578,294.236422856833,85.1256301428593,85.1567222104969
"CFD02-101",205.253855328898,33.3110265273628,297.895739378464,83.758965271649,85.0121251457579
"CFD02-102",205.608986610697,32.3672194140285,300.900098880435,85.0770157969077,85.8802944393493
"CFD02-103",200.106454160425,31.9153688376819,299.216682385094,83.7573658218407,85.8486095942738
"CFD02-104",185.134821830439,34.2944096891867,285.734424034996,81.2790891915264,83.2635794388059
"CFD02-105",175.568088867273,33.5395413933593,272.054356801715,82.2133739161282,84.3312072146509
"CFD02-106",193.082813369298,33.369056680289,300.246213461347,83.1227733077404,84.371654611199
"CFD02-301",206.112506287851,34.5825134835826,292.140364418179,83.2569950112212,84.2806406387979
"CFD02-302",193.097119591093,33.6849061256315,292.13501199481,84.1477241427465,84.8063600458073
"CFD02-303",185.961702648233,32.3728095268952,284.3776529303,83.3769928914641,85.41358261872
"CFD02-304",189.141153288512,34.7579710494594,290.65704601649,82.1771023012394,83.941330813306
"CFD02-305",179.807284736249,34.400234877253,293.288497132795,81.0730199865094,81.5554758996972
"CFD02-306",189.040390093954,36.0640472637561,288.089624515947,82.8799490216911,85.376930710621
"CFD02-308",186.097953153392,33.1019947609099,293.701227916709,85.1125397244347,86.9478658367848
"CFD02-309",200.510931360607,33.7796963949899,291.494659073354,83.3060276443238,85.3014649228539
"CFD02-311",191.04457853586,33.0263976427092,297.063830189592,83.2198874053274,86.4020107672345
"CFD02-312",185.534792692645,31.5130760681607,297.955053926909,82.8748887687565,85.552078357737
"CFD02-313",174.021697327925,32.1081561600087,290.672823493653,83.6252810562314,87.9966690571079
"CFD02-314",203.743608488732,31.8098811144629,302.138213348562,84.8401218422246,86.333258878293
"CFD02-315",188.718252154594,33.504415323854,299.23968568054,83.3352925182635,86.4664910965959
"CFD02-316",179.137628096871,33.7068466490562,291.961844328441,82.667268659788,85.9233718166678
"CFD02-317",191.697090144218,30.9381888066933,300.724950406301,84.9888898977948,88.1513998628684
"CFD02-318",195.814089250419,32.909634324033,296.627718370181,83.256592426596,85.2024963888209
"CFD02-319",180.37524238082,32.3710119908448,293.765750917136,86.6857672536224,87.3388148131114
"CFD02-320",201.308983867563,31.5877682257242,301.983807192404,83.7910931539488,87.0551258859674
"CFD02-321",194.519505922217,33.3209740556019,310.859888429787,83.8444810898874,86.8549123778047
"CFD02-322",192.737246342445,30.8032276811513,308.569134569689,83.6571343612381,87.6604586347653
"CFD03-003",189.339410456818,38.0976250223993,301.224801679949,81.4880011626821,83.1008832184137
"CFD03-004",186.245267281125,36.3269982301557,291.29083867254,81.944677099269,82.7872050862286
"CFD03-005",202.618464176877,35.0228003069884,300.440437799326,83.5617026230109,84.3156613896897
"CFD03-006",175.108098860737,33.0637479689143,298.797010488258,82.4384951327008,83.7264944894246
"CFD03-016",211.378350093345,36.3689165481727,308.489078732505,82.7595013687676,84.3451690195616
"CFD03-017",187.40162172041,36.2864106204579,293.362260688945,81.4104623051082,81.5512163374813
"CFD03-020",190.812895718028,30.9041907525018,279.008347513702,83.6552332152399,85.8963402995921
"CFD03-021",198.168319540289,37.1508161002939,296.359568367351,80.6520500561817,82.5035318946659
"CFD03-022",197.236832180847,34.6438227402538,299.458871503757,82.5532318853337,85.0415296939994
"CFD03-037",198.808318607479,34.1816794041654,293.665856276148,82.379954345341,83.1618953858917
"CFD03-038",188.442521196526,35.5538820603988,291.35615775974,82.1062915562917,82.6900976039566
"CFD03-040",194.065893920268,34.8911952646222,296.398142932543,82.1739114739129,84.7573891434968
"CFD03-041",184.978652805723,35.5114486104184,283.436008130363,83.216638328258,83.4266237185543
"CFD03-042",206.343169175657,37.032929033937,304.345262498756,81.1708861741175,84.5244828056919
"CFD03-043",179.802575392403,34.4862896566379,292.822383303191,81.1704503018068,83.1013204397259
"CFD03-044",190.795246227319,33.747243674303,288.965177641862,80.7576500396225,83.0675480091452
"CFD03-045",194.968141617641,36.5486544259669,305.994026036168,81.3700469793775,84.3532096402403
"CFD03-046",191.623380663725,35.2135220333951,293.366808143474,82.0886087244134,83.5816336120061
"CFD03-047",189.406120605577,36.5673404475055,286.538383894568,79.8360060120628,80.6062530720333
"CFD03-048",206.910529847372,35.4900920808187,298.915935918043,82.0028080072451,83.0004074686775
"CFD03-049",164.898483742979,34.694000304341,280.050111056865,80.2010124693634,80.9662090998165
"CFD03-050",188.797222718372,31.7270636737595,296.49419077454,83.142943758883,84.7452957151761
"CFD03-051",201.726439480929,33.7022269637835,291.549821691156,80.889453210773,82.9221378323695
"CFD03-052",167.234739191684,36.4473454739514,296.765387727781,81.153986637981,81.1277135402923
"CFD03-053",191.919000187063,35.1592462501421,298.374413598733,82.9170819288667,84.9154886941815
"CFD03-054",188.932396433827,33.1035983687382,304.839380731228,82.4214400646473,83.9442844044687
"CFD03-056",193.613684058199,37.215900901864,294.675309236039,80.8295381252252,82.6290642516043
"CFD03-057",200.718437202215,33.4695100241421,294.961060063862,82.3404165338722,84.3148852031926
"CFD03-058",193.614210467682,34.302878053693,296.165969252247,82.3052805618913,82.8025525398949
"CFD03-059",192.999117347564,34.6193249465213,292.296025112083,82.5555331548793,84.0905524763324
"CFD03-060",203.687645533687,36.1141231035513,297.068548150905,82.0481282083934,83.0229009725777
"CFD03-062",200.029148585024,34.3160920737012,301.33162419489,82.3417517822798,84.9783291158872
"CFD03-063",183.613002272956,39.6199495173958,291.630070490609,79.8876249131672,79.53068445881
"CFD03-064",186.383832561121,36.9415818450415,285.843887152587,80.0695557846021,81.3209788158418
"CFD03-065",199.9948231925,36.5221798612986,302.150132114459,82.0697421465785,82.1041392603374
"CFD03-066",182.302419617666,36.8201339418278,279.975229591067,79.7093943683876,79.9474670859928
"CFD03-067",202.621474742992,34.4135150774297,300.353720858775,81.2273785414783,82.8211284378348
"CFD03-068",185.264527663065,37.4221453760345,298.410007200859,80.1226532516022,82.5693462603029
"CFD03-069",187.169491034308,34.5432411768477,285.121596007738,81.288350371762,79.7532936107379
"CFD03-070",203.436207012011,34.5002994726783,305.770733352716,80.8940306914733,82.3831755502442
"CFD03-071",191.607040128678,34.0604853371499,281.736608535673,79.7975705251488,81.8963080076319
"CFD03-072",191.123630114903,35.9513892740928,287.768178331624,82.0778586509703,83.8241308383134
"CFD03-074",195.23538739938,35.0181467268897,306.051179394993,83.0910881391129,86.5178864526505
"CFD03-075",198.245364076144,34.7031683802225,296.771745447389,80.7362579580281,82.5763543457093
"CFD03-077",170.68044658368,36.1461236166506,294.473774063074,80.0284767954611,82.4756184255887
"CFD03-079",168.662368535694,34.0554373827099,278.8532675214,80.4799205131449,81.7619629957727
"CFD03-080",184.81451981592,36.7193547073854,281.283996895063,82.0153190725057,82.5870528620348
"CFD03-081",180.70742337031,37.5415024523253,294.142265715905,80.4634106066305,82.31026503718
"CFD03-082",184.814586009951,35.1607783786367,294.737294469113,82.5223567787536,84.7827214679214
"CFD03-083",189.4828410905,37.3286764539243,287.961626091129,80.2340622428803,81.1503617129662
"CFD03-084",182.142222658875,34.6961020894635,291.477477146383,80.8717186357933,83.353978821145
"CFD03-302",187.326306729949,35.9469006284898,278.199051649469,79.8261036541794,81.0210175648066
"CFD03-303",157.594154068358,35.9962331146081,271.92478651634,78.3399759785223,78.129036826232
"CFD03-304",171.883153270911,36.2322174924522,278.981399641889,79.1692763585004,79.0461147128713
"CFD03-305",168.185945313763,32.9111889081534,284.865138676243,79.4535949392047,80.5293558064713
"CFD03-306",181.263151160861,33.0404526641952,296.627531319022,80.3362763409775,81.9317817598242
"CFD03-307",193.90209783313,36.2367827035336,287.002724137425,79.5059427941362,79.7669671263119
"CFD03-308",179.340602019199,34.7710621779534,275.67501583874,79.1959208587034,79.7774481186088
"CFD03-309",187.192695103197,36.2633188581999,274.284105911126,79.4999330181021,81.3628738445612
"CFD03-310",197.622021606287,36.0751796073653,296.744254199123,81.2174778850403,82.6031687590363
"CFD03-311",188.341173055263,34.3581159975296,292.872314622978,81.6760857450252,83.0397533822524
"CFD03-312",193.470088143603,39.1109235714649,278.991625084706,79.4315278067114,79.5761761579713
"CFD03-313",179.02359924723,37.7540784967023,283.861748263896,79.6204961497101,80.5266832601995
"CFD03-314",172.792390526067,34.8075045528819,292.393528434718,80.2768523681726,81.2428302344734
"CFD03-315",197.772718909814,35.9082812005479,300.724702710572,82.8272509654301,85.4937477792644
"CFD03-317",176.245100439865,36.2518093791235,272.501348064016,79.8751459975534,80.5204768025925
"CFD03-318",170.973200995238,36.2375930063587,283.684677309829,83.0781948794997,84.4433388203716
"CFD03-320",196.828773667136,33.3080824561858,295.896761214993,82.9204315826822,86.8871855487475
"CFD03-321",184.750758055526,35.2136180970244,281.879719241203,80.5252100942662,82.8037417387658
"CFD03-322",204.611423420637,36.421326355667,300.939687888335,83.2604434091965,83.6315820962109
"CFD03-323",189.809824749997,33.8612667744377,293.45433591577,83.4965223133253,85.8142657041655
"CFD03-324",206.799257411784,35.8894869729463,301.096593661073,82.6756889176611,83.5192180596789
"CFD03-325",169.286458609353,36.0059064597626,282.739047745627,79.2925482806393,79.3982095275494
"CFD03-326",184.072671702321,34.1548538290633,293.695312242728,81.7752771942972,82.8068091513782
"CFD03-327",182.942681744868,33.810837293212,286.803610195901,81.2428755475408,82.8287805762261
"CFD03-328",192.504054588893,34.0152608575867,290.433934624919,81.7079517461053,84.0362466674654
"CFD03-329",190.270813535741,37.0609461489708,287.498235392152,80.6041515460432,82.73947312172
"CFD03-330",193.57704390995,33.6725864149464,288.212071270178,81.1357959425234,82.5200789342409
"CFD03-331",198.68967862303,34.614183516994,291.436770042752,81.6248901009389,83.2825394822872
"CFD03-332",187.481636681939,35.75643929577,288.238925952399,82.4527851214978,84.5763418478291
"CFD03-333",196.078110320483,36.5851815122177,297.362858094953,80.2333948049191,81.1652265909922
"CFD03-334",187.960133787015,34.3912865853402,292.657464283108,82.1398084302187,83.0041309802379
"CFD03-335",188.488162811514,35.4070067967082,294.565180524638,81.9925383360435,84.0500219603498
"CFD03-337",197.133985686515,34.2013858658291,292.187405718566,82.4539506593336,83.145694084732
"CFD03-338",180.925076993278,36.9725396788616,290.792168470355,80.0401148236139,81.1262678370186
"CFD03-339",193.396286311994,34.6789097244147,286.888336018854,81.001622583959,83.932747225122
"CFD03-341",193.739789932577,37.1549025028172,297.979420495254,82.8492519657284,83.76245196731
"CFD03-342",188.354463316349,34.7131856516399,290.189549743995,80.8239936757827,82.7379231031892
"CFD03-343",196.551378885858,33.4701785442749,298.883636291613,82.6451975352974,84.2628284693756
"CFD03-345",187.080923883832,35.3293883226806,288.579810600409,80.8219402644653,84.8093329756253
"CFD03-346",190.035576834251,36.3019732294008,298.677689408032,82.0752964433177,82.2039584907417
"CFD03-347",203.865518462655,35.5125903109249,303.449649036825,82.889618853995,85.6182276893444
"CFD03-348",183.43896998123,35.7947191233616,279.509054743681,79.2338615909934,79.5595864436259
"CFD03-349",181.253231659707,33.5046209562171,293.18422413887,81.3197882950866,85.0535347281868
"CFD03-351",204.127882028883,34.9675655824805,291.41374985664,81.3009067438671,82.4213467941397
"CFD03-353",209.618848373725,33.3891476630702,306.190442682993,83.2432437428051,86.6134124563769
"CFD03-354",201.016521455189,33.1380834954258,294.953034687686,82.9627936373335,85.3985712752307
"CFD03-355",215.113036470661,37.365597822793,297.245562104673,81.5333860849794,82.3720198108818
"CFD03-356",197.034390524034,33.7972041280514,304.793960672889,82.3454299230219,83.8097824946452
"CFD04-002",178.120988899901,37.3270600178686,278.006966957662,80.6470578024824,82.8264883800403
"CFD04-003",186.326416433955,37.9528156180875,279.100407489196,79.1255324259913,78.6339631692011
"CFD04-004",159.866669844804,35.9515287824244,287.338232897218,79.9850891548701,78.623821614611
"CFD04-007",186.194422797454,35.6149419743909,286.428206900825,80.0067152345884,81.8485583586023
"CFD04-008",184.15884094898,39.2241547885382,299.087257766174,80.6025403463888,81.4262166074318
"CFD04-015",174.517089431474,36.3386296003124,272.365696596417,78.0076418395698,78.6734718918985
"CFD04-034",188.350986197709,37.7475689234668,280.067757093367,79.6486521764016,80.166661548962
"CFD04-041",179.00553375311,37.9828730342206,276.116095406094,78.6172065213709,79.3037219244862
"CFD04-042",178.957218870698,36.0154915606766,291.589045943382,81.4308529780421,83.3407500933347
"CFD04-045",183.166825754124,35.3079866365222,273.053062176155,79.7407426389882,82.5157904796363
"CFD04-046",196.056192926794,34.6140701821982,293.09951599443,83.1982736094101,86.0297830209565
"CFD04-047",185.650909053022,37.4405239143857,293.722400307666,79.4087092598723,79.7012053117088
"CFD04-048",182.619809342965,37.1511507595605,272.485311200563,78.7288658263163,79.9002041882852
"CFD04-049",179.878485928824,37.551743429132,287.075519755582,79.2345944376764,81.4901967903092
"CFD04-053",183.878042980737,35.3823954350827,273.041049337729,81.8241642934816,84.5488396949077
"CFD04-054",191.386432319796,38.4151176221293,282.355023239762,79.6455910375875,81.1493523819046
"CFD04-057",194.451121377714,34.5514878682093,298.700330404651,80.9175833149624,83.2416964861401
"CFD04-058",198.123423376533,35.5885835980323,285.376841111524,81.495172557262,85.5183858914502
"CFD04-059",187.025401110202,35.3945934893429,278.128357175557,79.5900697520084,80.0678970461812
"CFD04-060",196.381427057208,37.948097900759,286.781386465207,80.5402483104262,83.4591729538737
"CFD04-061",181.411614286994,35.6258781158517,281.867981673116,80.8572382126861,83.9154850577805
"CFD04-063",189.886901201419,36.6645584933104,274.262623569157,79.5439282498886,80.3482162757357
"CFD04-073",187.538395374361,34.0899823645661,283.405340982462,80.2925788192128,82.3544474459157
"CFD04-074",189.644324384881,37.3068522634246,277.049711543863,79.1081717623473,80.3609312288952
"CFD04-075",192.769799391125,35.5426978304163,287.819914385565,83.247153220053,83.0435670937791
"CFD04-076",187.612320804378,35.2160203400964,282.606393238364,81.0343188589701,83.6020411566852
"CFD04-079",194.772868745359,34.0364628832888,303.107811264802,82.1763701660992,84.9765664662909
"CFD04-080",184.008340880412,37.4073353763903,274.971431559588,76.9360217361456,78.387835028595
"CFD04-082",174.769975076329,34.1558219738899,291.576169076137,79.9668849467271,81.8523845665483
"CFD04-084",197.584125580228,36.6116007672225,299.655218695959,81.6409146027223,82.8402555652431
"CFD04-085",188.998708810646,37.3922240172888,267.583904623969,79.0305313734144,78.5967211333902
"CFD04-087",200.308194997431,36.3029657949869,281.16375406239,81.7312959457963,83.7952307114838
"CFD04-088",184.647998228999,37.3655216293874,279.722702050082,80.0761471390699,81.1213716245047
"CFD04-092",182.996945391219,36.6313758218548,276.899842868697,79.9465985640983,81.6021004605312
"CFD04-093",187.916236183893,36.1291796667917,288.664999826032,81.1576000391312,83.8151979187452
"CFD04-094",177.846609352638,37.8010595828791,280.764296382372,79.3199539577185,81.22871656404
"CFD04-095",188.074372161498,38.5353136166955,285.647823971443,77.8024412332522,79.0661658194827
"CFD04-096",209.940718868764,35.1939826022039,299.686338831796,82.5551633950135,83.2183478713979
"CFD04-098",184.263035289781,36.3684485892884,273.000380658067,80.0490761005347,81.1723535235504
"CFD04-099",179.380572357618,38.5188654826618,279.684409280102,76.9919842988569,79.3881387562793
"CFD04-100",194.416049218559,36.6082118816782,297.717026723935,80.567502607938,81.7076166969059
"CFD04-101",185.865925412293,39.0878971841056,278.686146335902,78.3255210373192,78.3772196816767
"CFD04-102",200.611251063694,37.5511218415772,293.125570533325,80.8939638156657,81.4795463161741
"CFD04-103",200.777544735122,36.8525975652577,298.414102780713,82.3320183231212,84.074348163739
"CFD04-104",192.6687600261,36.8254590342837,283.715000167644,81.6800884747975,83.1321340443281
"CFD04-106",187.395382798392,38.8492275769017,277.361569318946,78.3334655049547,77.9952830996204
"CFD04-107",179.914544479991,34.646267818395,266.964665790195,82.0738258908297,82.8641840478073
"CFD04-108",188.090098999823,34.4951464815745,291.194931034342,80.8202042682156,82.8464225165311
"CFD04-111",179.681928594417,37.3621936396431,273.871205030047,78.9878809552099,79.3504875311375
"CFD04-114",190.157594876412,38.0745614240207,291.527126785769,80.3786709853237,81.7326974950565
"CFD04-116",196.865818001825,36.3211829314493,296.832929214731,81.2081753718569,82.2686505080077
"CFD04-301",192.195572881125,34.5800296196763,291.601020442742,78.7236118282275,79.5169529855918
"CFD04-302",164.358171581457,37.0574406836941,259.789515868299,77.7491309948562,77.4995215718696
"CFD04-303",193.437503567225,36.640188917802,283.663553170507,80.7206490005827,81.1488453102017
"CFD04-304",174.101918759699,36.824357462514,272.551489903463,79.9344321013693,80.3771111045034
"CFD04-305",180.749179975178,36.7987906563527,283.079892795384,79.6793497762423,80.5802602635978
"CFD04-306",187.898634711341,36.0230157024524,282.521013705586,80.0957291371319,82.1892724546742
"CFD04-307",179.112888062219,38.2255963183187,279.964603482349,79.6375992491919,80.4574774372321
"CFD04-308",181.683907432313,37.6792659202246,274.420296269049,79.6349626030667,81.7036976456942
"CFD04-309",187.045272990988,35.9246627141163,282.372755789605,80.5884061225575,82.3530848440182
"CFD04-310",190.515913114348,34.3441388675383,291.09867952071,80.9244413419063,82.813112163109
"CFD04-311",179.822738568249,36.381560026938,291.676769326203,79.9278122522985,83.0758368943956
"CFD04-312",174.107818346984,38.2552142308494,276.13164000738,77.8352318938091,79.5780912095345
"CFD04-313",194.621810541307,36.0333984472555,281.698495422367,81.789480777498,83.3086004498321
"CFD04-314",182.056351880726,37.4773535634367,273.37029328352,81.5775569312497,82.6535417497061
"CFD04-315",195.926950213643,37.2395382263448,295.792175802963,80.096322062247,80.3463465521997
"CFD04-316",198.342436888912,35.7554593361682,295.164312318591,81.3074827667594,81.9279040925709
"CFD04-317",197.364486294321,35.776692565734,286.509440561092,80.6635025039444,80.4936814581154
"CFD04-318",154.642803411651,35.47269713644,278.122440785436,78.5798212196061,78.4101446957738
"CFD04-319",189.050374482727,35.9399219090714,288.570669081595,79.6318209826421,80.3272108072995
"CFD04-320",196.510190150299,35.932074650411,287.778006431543,81.4144300113154,82.2752651757321
"CFD04-321",171.361782130089,34.9965225490906,286.27826353679,80.2174191011916,81.7833297073507
"CFD04-322",195.606282017018,35.7778189331725,291.698462396086,82.2022012178124,83.9589054936185
"CFD04-323",198.37510864875,35.4484211166402,291.921120924618,80.9190559104042,81.8007532162859
"CFD04-324",180.24394850453,35.1308304806792,268.771054975011,81.0023219191941,82.5120337591484
"CFD04-325",189.623633722392,37.0996218614633,276.286380666484,79.2223933456748,80.1003920973353
"CFD04-326",197.601197177656,36.465748205205,292.904431689183,81.583823889028,82.5823388099678
"CFD04-327",198.035175453529,36.3071137343893,284.893610320493,82.030732014094,84.0603379945053
"CFD04-328",188.945116987194,36.3304262974185,284.633236366335,80.7163128653411,84.2698988352494
"CFD04-330",187.259156028736,36.5368669402554,281.454330389464,81.4491536336935,82.3916902288641
"CFD04-331",197.490122942709,37.0565964103149,283.666466765607,79.6823155966245,81.1323018569652
"CFD04-332",187.758877395152,34.2910978212807,287.568857357001,81.0200498484564,82.9260742594363
"CFD04-333",170.564606822434,36.9942237493318,285.10616288845,81.3925118023092,81.7495439269881
"CFD04-334",189.472420455579,40.1062885341408,288.408545136823,78.2055093623806,79.3843151667274
"CFD04-335",176.927326070835,35.8659909693583,281.6549733905,80.4343338186022,83.3832305370807
"CFD04-336",199.900789739666,36.4988383561277,287.911025967358,81.8891055394502,82.7370722686419
"CFD04-337",191.53280575355,35.723303604341,289.671507035807,81.0176709813877,82.0212243774095
"CFD04-338",183.647741225817,35.3534757171103,279.203553131118,81.3287346047775,83.6850156884783
"CFD04-339",186.195212916233,37.5199486449535,275.449008982846,79.2062879191713,80.3431919370259
"CFD04-340",186.650686499525,35.7625777860443,281.991138274592,82.1486760753688,83.2499129126001
"CFD04-341",199.812419444461,35.6476272691753,294.148818575868,82.7454070139663,84.7542035365092
"CFD04-342",189.490261432774,35.3472951512566,293.299379944543,82.3502355336867,83.1457115170751
"CFD04-343",194.296112718511,34.5301182530944,293.448477325036,81.4298409663572,85.4197756824023
"CFD04-344",195.797600470968,34.659780843181,292.687757298923,82.1974832235368,83.048567073609
"CFD04-345",183.702090958145,35.1751609070683,284.893749808429,82.812010323927,84.1223620625817
"CFD04-346",198.660660795698,34.5738708116302,297.924821588689,84.996966539222,88.3031291841091
"CFD04-347",172.275273493472,37.5299427564932,260.758233431572,81.0445725397805,80.2960748413828
"CFD04-349",190.743407866079,34.3300466257649,294.504029785834,82.8007065248629,86.1448508175834
"CFD04-350",186.792802014659,34.4840148895838,280.595810606519,80.8033565465661,84.5961676242233
"CFD04-351",206.450797182761,35.2621577567516,309.170026441179,83.5567096255229,84.6573199245176
"CFD05-006",181.535397139759,33.4617793586602,292.480356706491,84.9302396076711,87.7286677451916
"CFD05-009",175.280310788372,38.466161670205,283.110154580252,81.1233236049712,82.7548562046123
"CFD05-013",172.876323676009,39.6014752965395,286.447534862194,80.4331380431272,82.2613133625403
"CFD05-016",181.970364840217,35.9125042367365,299.03751096718,82.1090810842866,83.2881531574205
"CFD05-018",191.268122645353,39.4942875721394,283.860467148053,81.7430279139429,81.9225745740295
"CFD05-019",173.135425608526,36.7357575215072,266.132477047826,79.9374080168428,80.7803687031221
"CFD05-020",186.071590514263,35.6926899062629,298.365012435404,81.3110901950486,83.2712790846823
"CFD05-021",171.986293140175,37.6756950122511,274.382474285027,80.5472515774248,82.7938629218059
"CFD05-022",191.792019488612,35.2037274837066,275.839633196263,81.6801770731861,81.7144644545859
"CFD05-023",188.416550473883,37.8178855478328,291.226112224591,80.0444947145062,82.0380698968814
"CFD05-025",176.958858200347,37.1057339927785,280.522757942785,79.6817169790676,79.7719713743098
"CFD05-026",179.355416342803,35.3609966315787,288.244976031715,81.8701326878849,84.1081718442989
"CFD05-027",176.789492503293,37.9537727051454,274.560347216466,81.6492593113016,82.1185308249301
"CFD05-028",180.181984734022,37.8690102970395,283.040707463421,81.9905793396503,83.473953300743
"CFD05-029",182.209567471733,38.4515911341631,287.807206456193,82.2887075053853,83.4787083274721
"CFD05-031",187.462463821964,34.8932527074273,279.3454448415,82.5828802964298,83.4679994755948
"CFD05-032",188.207299718321,38.2262577005143,279.128975193081,81.715388973257,82.1413016772039
"CFD05-033",178.225537491554,39.7299337697111,277.928089880281,80.897114095296,81.9031161856193
"CFD05-035",173.800414210109,37.9859655832428,285.991296020635,81.4736692357191,82.8654685251447
"CFD05-036",195.974494749064,36.5480570228042,282.033016601742,81.1072354500991,83.7255430641107
"CFD05-037",172.483270794479,39.9152483124729,268.193952584982,81.3863426204829,83.4031796890511
"CFD05-039",185.537261525879,36.8387236953659,275.771073994142,81.2527415183326,82.2014230330984
"CFD05-040",209.758130778289,35.8197260507156,301.566250551588,81.8165451839989,82.8420829607566
"CFD05-044",185.910397931104,37.2050555474304,277.99476055707,83.0727928322856,83.3524965426734
"CFD05-045",197.516207080512,39.7361978059853,287.758597846789,81.2573528664807,82.2254195581218
"CFD05-046",202.522555523785,39.8637632118499,287.3225736753,81.4658347604665,83.236988522746
"CFD05-054",179.913963626729,36.4949591741297,281.706987527393,83.0759558495674,83.6828108538663
"CFD05-055",175.24989185838,38.7051725934016,270.190546449765,81.9713097277033,81.6639111772945
"CFD05-058",199.145933390181,38.9719977032881,290.346935966318,82.1696844509946,82.7735409685462
"CFD05-059",178.927989801849,37.6539581092149,284.10571106848,81.1087269505962,83.2722598187714
"CFD05-060",185.069931555283,34.562977192154,290.34372413483,81.5643907777282,82.5396382604523
"CFD05-061",173.976415202673,36.2492605176562,272.013421544199,82.6140644329974,83.9712647172222
"CFD05-062",179.750020914595,36.6588582721861,280.221020188694,81.8301124308485,83.7923165778461
"CFD05-063",186.049839893058,36.5734583001064,272.983731537751,80.8578017338312,82.2759756766566
"CFD05-064",182.341638840836,35.9628358293758,297.417122654742,83.3517856571785,84.226490019349
"CFD05-065",193.632813190886,35.7060778191306,293.129982598258,83.0032250017661,83.4333532628745
"CFD05-066",214.375867203238,37.4007036216191,296.836273889355,82.7267834272424,85.7859932448644
"CFD05-067",181.663003136725,37.0826445780693,278.706633139107,80.8919760149745,82.3243892279704
"CFD05-068",176.368016223869,35.8864206285735,284.685574513757,81.2578492649966,82.0155686701038
"CFD05-069",148.905552237822,34.7669879090424,262.486949417578,80.7004342703312,81.5747612264387
"CFD05-070",182.465324302936,40.3592978103166,288.763285594473,80.7211578410362,81.9191851650228
"CFD05-071",180.066935470763,35.6138729190186,288.429152814065,83.7167739367123,83.7259922359504
"CFD05-072",171.459146270505,34.9405795193358,268.15020530882,83.683778672695,84.2525163568121
"CFD05-073",171.270400178332,37.0252834669633,278.771602579345,80.5061120905068,82.3355288072508
"CFD05-074",179.331430061058,33.9380040302143,282.985655121609,82.6814471889865,83.100809610187
"CFD05-301",170.220416985458,35.1792733881328,280.498428550945,80.9017584093474,82.1250588187562
"CFD05-302",196.147159141672,39.9601228689955,290.629885488272,82.0345321380415,84.2816462013684
"CFD05-303",181.214831676284,37.1534209135775,272.294434092718,80.4639776575512,82.0078080891075
"CFD05-304",186.600228477901,34.9485773891755,288.777792967093,80.228709458842,83.4229253070808
"CFD05-306",195.902684667443,38.0317411407365,294.712288204329,81.9976647474736,82.3993142429513
"CFD05-307",201.870973895254,34.5392777110998,298.181688506427,82.8240363446231,83.8041736359797
"CFD05-308",179.877846217024,38.9103786674167,287.02285953009,82.422980253272,84.4315351159879
"CFD05-310",182.18622769671,36.5828000830977,285.929062991957,82.097011085142,82.6839822812331
"CFD05-311",167.271005119589,36.7684703225876,267.852318957685,80.6422525408326,82.0192399070769
"CFD05-312",174.819626521444,38.8749231946121,277.248225128068,80.5198341515065,82.8206458578205
"CFD05-313",200.053972358299,33.6711362080734,297.091745664493,82.3527016871037,83.3075135158974
"CFD05-314",186.906216863602,37.7970997056876,270.154714671562,81.5616722328838,84.3368007564696
"CFD05-315",192.526973586172,36.7646412423317,293.448633932413,80.3698026252601,83.3515674106484
"CFD05-316",198.685220345932,37.6417272398215,289.414334838165,82.0716425876996,83.1574224295367
"CFD05-317",179.402695655821,36.1812159412355,275.268361295329,80.5055010170782,82.6561811868189
"CFD05-318",189.168871680003,35.8518460246227,276.545555890662,81.5689906181231,83.1769606565017
"CFD05-319",194.79515102268,38.3747552984374,292.770166677531,81.8450344368993,82.8234553577577
"CFD05-320",190.015538567626,36.3286945963143,288.270397967025,81.8059613465961,82.1944905723054
"CFD05-321",186.402281038033,36.6619804900925,288.93927754008,81.2292801609538,83.1282415569382
"CFD05-322",185.005043074674,33.7195458280371,282.965548477067,82.7703718162489,84.1953143518475
"CFD05-324",189.522037957994,34.5875098522787,283.461375170031,81.6950269383721,85.5303040391184
"CFD06-002",174.106839126395,36.9768707651241,282.603144599068,79.9225119281662,81.2544494872163
"CFD06-003",174.656422710343,40.5951714434096,277.294838421874,80.6686326673176,80.7924276324167
"CFD06-004",176.87952861309,42.3244808029132,270.397588279527,77.2541032051597,77.4080964493466
"CFD06-005",190.238634069861,38.8917113843716,299.788120538583,80.9564193311089,81.9963994213266
"CFD06-007",187.494584247942,37.507934330597,293.647129554397,80.0206444441,81.3484143296836
"CFD06-011",174.783193802309,39.4672050674786,293.869940156155,79.021893255885,79.4374114991204
"CFD06-013",199.983122481086,37.2831265249259,295.406724500922,80.9265717426436,82.8717316645266
"CFD06-018",188.490370285887,38.5050925062867,289.037539830184,80.8054766176949,82.7561518955609
"CFD06-019",185.447598080212,36.2025379490172,292.960294221523,79.7319283749285,81.4194048548759
"CFD06-021",147.625235007553,39.2656173267491,271.609822157067,76.6116599652836,78.3522409180206
"CFD06-022",174.539419707311,41.2428389723825,280.788558758417,78.0846908681685,78.5394720892912
"CFD06-023",195.957899756172,38.4747063233918,294.909892868568,80.7820270004226,81.6180707890683
"CFD06-024",188.066787673703,38.2248395650275,286.731650735892,81.5272454628488,82.5876918290947
"CFD06-026",158.554310803532,40.7792587035644,265.48525654715,78.4452096435087,80.2375270097555
"CFD06-033",163.035331364274,39.0493410175016,275.814088858454,80.4525827916012,81.6547436403224
"CFD06-035",179.996259836756,37.8467446459975,291.056186374316,79.6081265230132,80.0101702967302
"CFD06-037",180.884000555773,39.1084119081151,289.647792881177,80.5914313147757,80.0137210888418
"CFD06-039",183.025406047041,37.5659140488407,292.735503768233,80.880752636659,84.8404581864911
"CFD06-041",166.538348315671,38.7275227692271,271.563957497946,77.4092453177664,77.7664820912414
"CFD06-042",174.67134894984,40.5272423603145,285.52793088143,77.4019548755632,79.9824201461487
"CFD06-044",180.995078493583,34.623818700779,290.525265441375,79.7714856316556,82.1980631751283
"CFD06-045",170.828062840524,36.046850861627,287.00852278967,80.3994755016884,82.1746292048565
"CFD06-047",181.024587279892,37.1927335313193,293.883970787231,82.0560308581315,84.5826783770839
"CFD06-049",179.480424330143,38.1400864090771,287.212627609163,79.1644316188899,80.6138776210814
"CFD06-051",179.765531906978,40.1751484373249,272.958418840969,80.4799884126304,79.7304922253482
"CFD06-054",182.669666682983,35.6203701326311,296.596504745011,80.1571668161625,81.9636116671382
"CFD06-056",194.342569179339,38.2529279841969,297.996043694345,81.320815176045,83.0713778052545
"CFD06-058",200.078426509881,37.2349921201295,294.903804546242,80.8954548680116,83.2671474138232
"CFD06-059",190.288622367438,38.6503628462477,285.549789423496,81.629502232021,81.8492711829626
"CFD06-062",182.028379408022,39.9161023919345,280.077860568189,78.8073340250292,80.2818657152054
"CFD06-063",176.200555566849,36.055825536869,290.167596975895,81.6677915140101,83.4974324828287
"CFD06-064",156.622390237344,39.4406492789518,260.513365289496,78.5002772450576,78.8831053246137
"CFD06-065",190.653558242099,38.3754652103712,284.788884385746,79.2770426640485,80.4785255903486
"CFD06-066",202.60526880475,38.2071788574507,294.867531598101,81.1580058244084,82.2285674020168
"CFD06-069",165.81157089344,38.9283093598955,273.58913612086,78.8644477703987,80.2511046234823
"CFD06-070",195.840644982645,38.3863908147141,290.648356378297,82.0407537558665,83.2307445331932
"CFD06-072",178.254916099305,40.6198128258432,288.780816343881,79.5952182516507,79.4038662289414
"CFD06-073",187.738030655013,40.2852646240273,285.598665845174,79.4924393470502,77.8827281249433
"CFD06-074",162.764448479489,41.7709820777287,266.052177095541,77.9626747369726,78.6572557311575
"CFD06-076",171.278494823815,37.6792953170097,277.181768386016,80.7920429461184,80.7082987139524
"CFD06-077",157.043060043839,38.7791720614567,272.29525166775,78.5652338240772,80.5321952684148
"CFD06-079",177.867526623885,43.7345516858368,281.037358024571,79.1967194867078,79.9396855274857
"CFD06-080",181.766277872425,37.3336739830223,291.407656335569,81.2058720954384,83.3660494170349
"CFD06-081",178.189593049033,37.4462841313431,287.651058778604,80.2534062703282,79.7094378031803
"CFD06-082",181.87022069387,37.2087815512422,283.77610400372,79.9527254834181,81.4482076524772
"CFD06-083",165.948639367894,38.5157887458137,276.946471735821,79.3895285613602,81.1413343833241
"CFD06-084",176.754286116439,38.8136862773068,291.415091103567,79.6356984527342,81.2333791043615
"CFD06-085",170.385719735322,37.403731262286,274.582134098259,78.7276655508449,79.5152779328226
"CFD06-087",193.466441571171,34.3322738806289,305.291902955508,81.5415453095397,83.7853411548461
"CFD06-088",177.415804172829,38.727261390226,292.740670263033,80.8638635412477,82.523269992516
"CFD06-089",161.69824775588,37.0184900844918,286.553393946572,80.1476475426972,83.9948817334552
"CFD06-091",162.594416138974,38.2601903907406,278.807444507505,79.8440836275972,82.3664241378715
"CFD06-092",181.040771539744,37.1262927857398,274.430145054185,80.4518277294664,82.3933483907457
"CFD06-093",152.97932900475,40.6982948709357,268.53649121615,78.7950622321406,80.742601591665
"CFD06-301",174.701023340126,37.2341902028529,286.727142682291,81.0116393362599,80.2381264866661
"CFD06-302",177.672327405068,38.3221169879406,283.765614879043,78.9658350729911,80.3575393953377
"CFD06-303",161.84159991381,38.1573705296413,269.15302355069,78.2855878401142,77.7222750598159
"CFD06-304",178.976769256273,38.59199435078,287.950455227065,79.4905717891273,80.3676550437662
"CFD06-305",180.665648241674,36.6481349100529,290.90932668414,81.2331721781317,81.91004846022
"CFD06-306",160.424418738086,39.572141321746,263.037787056245,75.7941034545194,76.84988339352
"CFD06-307",191.458398171528,35.9813334590373,286.940059091367,79.9981378026298,81.785125814401
"CFD06-308",163.886669964497,37.602800701585,292.443314271871,81.2337389227888,83.693175241716
"CFD06-309",163.75391098982,37.8660828338565,279.751503724106,78.9831918033131,80.0045941192874
"CFD06-310",173.078755502715,38.5391168225714,286.750908651412,80.5525562104396,80.8198668279115
"CFD06-311",169.195605863776,37.908397219729,283.281501097133,80.6525573289038,81.6125656421479
"CFD06-312",188.745900577172,36.1877396364853,287.23275457779,80.8197841994901,82.1183086729677
"CFD06-313",167.461850543608,37.254576052327,284.679483446866,79.7528626662574,80.4493495416552
"CFD06-314",208.938874525194,37.0036218529098,294.918251648529,81.2034018922507,82.6117486732052
"CFD06-315",172.619191479008,38.9264207741503,282.154541412183,81.6107625957833,81.8002061878903
"CFD06-316",181.693765892666,37.9304055595545,286.465928109925,81.4015490929684,82.3700275215064
"CFD06-320",181.874436995748,35.7235241390277,302.989973960609,81.4486735297717,83.6779666573485
"CFD06-321",182.533975105284,38.8380964751721,291.081253621285,80.9499970317887,81.4235507594224
"CFD06-322",180.190731455301,36.9407125179555,293.441859087556,81.397286412796,82.8732373450395
"CFD06-323",180.653857168183,35.857518081132,296.332045518924,80.6307849074229,82.212209641272
"CFD06-324",178.213495651146,34.8733777357732,288.51399115325,81.0465240703388,83.2456093370573
"CFD06-325",184.082189716649,37.2672253651045,291.470515111122,80.5836611721643,83.4314600413024
"CFD06-326",170.889198683525,36.8499347562815,283.771338221059,79.8842113117069,81.2614139012187
"CFD06-328",193.298465131955,36.2925750586092,290.295499651127,81.7408276583944,82.5380463259807
"CFD06-330",160.791834037817,38.7058040499101,277.695687778505,80.4613974116247,83.1798340527448
"CFD06-331",175.384926316711,38.6536488321049,282.709964671984,79.8915915163156,80.3503636186438
"CFD06-332",172.282633563616,38.779286821726,278.564388067953,78.5725315159131,78.1171587118841
"CFD06-333",182.825904223523,37.855097934889,282.057232531608,80.4918969512387,82.6545233651227
"CFD06-334",170.013189411808,37.3589815428583,275.708793136155,80.7067564441465,83.8982310879249
"CFD06-335",182.196695641773,36.6485383910884,290.392807985094,80.1244596374995,82.2425590569507
"CFD06-336",178.357395750763,38.5579494139224,291.845608309241,81.35989157898,82.8881621521912
"CFD06-337",187.416720434066,36.8672509376064,295.160860835516,80.6819109271215,83.2716216018266
"CFD06-338",181.913355878553,38.1747051378479,288.215981455151,79.3677071187309,79.5450089956034
"CFD06-339",190.225893482321,36.251508571453,290.190385071812,81.0448149901031,81.0228461751041
"CFD06-340",173.799921044749,38.0159293949781,284.023448898344,80.1293030395851,81.3464197132534
"CFD06-341",205.890352524267,35.0958830651954,300.862701518559,82.4468204407207,83.5030323794589
"CFD06-342",184.745838917758,36.5669843182659,297.583962151139,82.3810922719029,83.7045830002942
"CFD06-343",177.135335147739,37.265594371802,291.327629728256,79.7314241162084,82.5599983228888
"CFD06-344",190.485903565217,35.6875318748931,290.95234683626,81.2585489914041,83.7695991770043
"CFD06-345",159.772748473086,35.8037183764989,278.69011879907,80.0340824685891,81.5029623069364
"CFD06-346",149.78234538077,38.4835265635266,282.522641672936,79.4306545218637,80.8536994709888
"CFD06-347",192.107905129034,36.3122921277092,298.474698576129,81.3803332118256,83.2415330592733
"CFD07-002",201.746481036573,36.3135043464535,293.377746454937,82.9219964390533,83.9979207085051
"CFD07-003",199.234507260918,35.8976382800574,277.396297940784,81.7243152561743,85.2975063872796
"CFD07-005",208.482914650651,33.5212655149013,294.321579902285,83.7905035961852,85.364412625169
"CFD07-010",194.924350049693,33.8334338242441,296.947782605081,82.1856465000396,83.0057394780564
"CFD07-011",196.040831788721,33.1962378645442,294.816576641172,83.8342759164598,84.2999451104232
"CFD07-014",206.269012971445,31.6887933774108,301.812616926847,84.0439001089086,87.1979419117288
"CFD07-015",197.190040199878,36.4041816942369,297.836695272946,83.8705569066388,84.9969497679919
"CFD07-017",193.502994492109,33.0419341903481,290.105210771845,83.4961307929978,87.5664898844637
"CFD07-018",201.771141812332,33.3235872318036,301.961145448216,84.9253273959191,87.8887496530798
"CFD07-023",206.516551697273,34.0813422142016,295.496481714673,83.3402960029013,84.6985720557954
"CFD07-029",198.233841845274,32.9034492907753,282.416451066947,82.9952920674599,83.9089259911888
"CFD07-036",186.278772928664,32.0140332845144,290.355112115379,83.2506385069572,85.1916360745056
"CFD07-037",190.99117022298,31.8436241751352,288.237586300119,86.3569789540125,86.6788232181509
"CFD07-042",196.850352165378,32.5589338430764,295.72923355944,84.5981403137732,87.2093753098152
"CFD07-047",199.121636338072,30.4816712920343,307.940566325715,84.0780867052771,87.5213842855187
"CFD07-061",196.062350692134,29.3802971102105,299.562011079551,87.426473072836,89.8400765729538
"CFD07-062",211.285896194355,31.6330055432925,298.877283378168,83.6287392603881,86.7893383833509
"CFD07-063",192.188879750754,33.9462945140561,290.163631958877,81.872078716942,85.7092198678594
"CFD07-064",198.33814228074,33.4423336645022,297.650511357083,81.5393947307311,79.8712179045984
"CFD07-067",192.721083055478,33.7959971606708,288.243890455334,84.4487251001656,86.1550645495443
"CFD07-068",182.964267769235,33.6510492096031,286.464242291785,83.6754330577362,85.0629381500199
"CFD07-069",191.926805857119,33.0496527066065,304.855650030168,82.7753640942007,85.2937808310531
"CFD07-070",204.820838966135,31.5239819224242,298.058834241219,86.1855036906838,88.2480127641269
"CFD07-071",192.322447080308,34.9458449532721,288.529178587068,81.3253130220178,81.33723387579
"CFD07-072",193.005833454092,33.7274941995588,284.804895710112,84.0464426068172,86.0874748258252
"CFD07-073",207.49183159393,32.7446853614381,296.090116628758,83.7080899386048,86.3350376543727
"CFD07-074",197.242465373743,31.1649808720208,297.104578333847,84.7365838376178,87.2308939270486
"CFD07-076",200.605906898199,36.2690968184122,288.150238867875,83.0692463863021,82.7761817640041
"CFD07-077",197.109639302406,32.5478473944702,287.840519183984,83.044119923615,83.7799993807234
"CFD07-078",207.911682289814,32.0488362161381,293.186366871607,84.0175643265145,88.0317231778229
"CFD07-079",190.286141810911,31.9502275452249,293.635974885789,84.5340661834937,85.2760879665948
"CFD07-080",184.945681388353,32.2324702062518,284.708008798154,83.6771393954072,85.4628673238877
"CFD07-083",189.37759037985,31.0968091192186,285.397190113254,83.4512195832509,85.8205337323158
"CFD07-084",187.149076592493,32.68672925124,281.729736523015,83.4810067322378,86.5929928479483
"CFD07-086",188.554581887298,30.672010842598,276.955249769451,85.4132550903548,87.9421860450032
"CFD07-089",194.069173590717,33.2393248442373,289.745701772654,84.5947939173716,86.6846199499972
"CFD07-090",207.766611484779,33.0095731792476,298.532932600291,83.2183574835307,84.8752862308209
"CFD07-094",189.731015904135,32.8968926143987,294.114579411383,83.1985173866072,84.485603382438
"CFD07-095",188.795948059275,32.7587178345833,286.523300378273,85.8243404613807,85.4883146699307
"CFD07-097",189.607893058186,36.4506135501334,281.464637795957,81.6796406394064,82.7294784382322
"CFD07-098",185.479427203929,33.4705569449519,286.583287729992,83.6679056654616,83.794574287181
"CFD07-099",193.279384937752,32.3733738866784,283.743405819469,84.1237665347015,87.327721395314
"CFD07-100",198.729526613511,30.958964683317,300.931131393521,85.8082689273335,88.0226173393902
"CFD07-101",192.33266248332,32.2827270390347,283.164660546824,85.0062007550909,89.2368490223287
"CFD07-102",188.358415690859,33.3770799827422,292.647963919558,82.273919324247,83.8944497965405
"CFD07-103",197.902254990931,31.9760089074285,295.360535565866,83.1692690045852,84.567534489909
"CFD07-104",179.371782561885,31.8193856361606,275.678188580169,84.4846949156304,86.8151806950709
"CFD07-105",193.328752336419,31.8679286980069,298.357171848571,85.2203089467904,86.8787853138973
"CFD07-107",205.546253410162,32.2102786412625,293.594097295032,83.9626097242864,85.5512428649356
"CFD07-108",179.412638136035,33.106915422545,284.109678272983,82.7823032901291,82.9530597280311
"CFD07-109",206.75220254342,33.47044962065,289.498248697728,84.1353829276294,86.5598097956087
"CFD07-110",209.906784140614,33.467071633189,299.715396740158,84.0169957660063,85.6766423872203
"CFD07-111",192.880478326916,33.0617259647182,291.321171495463,86.0755212264912,87.2565661119204
"CFD07-112",201.194799748113,34.159565091822,292.31582108153,84.7630804088965,85.3469916952809
"CFD07-113",194.84226376652,33.1486892825048,284.318329494413,84.9823786515777,86.646417432587
"CFD07-114",182.224565386977,34.8625037882444,280.362113074315,81.5133010223072,82.5294996180415
"CFD07-115",187.037219552433,32.5011509616878,286.524300646286,83.2852108451093,85.0890631739303
"CFD07-116",202.710392625405,31.4942362375117,294.148391405104,86.3474561489292,87.6057399483916
"CFD07-117",199.219641474381,34.4433447873977,297.266032088653,84.0481265302532,86.3286161872991
"CFD07-118",196.741708122396,33.5091678593294,291.347125792029,85.7146412602504,87.1797198435439
"CFD07-119",192.439455507781,31.4680541338774,295.279958069253,83.679880973319,85.6654774634845
"CFD07-120",190.536550120405,31.0946580917455,292.51723897297,85.0724263333193,85.2342853435293
"CFD07-121",191.715933741503,32.7530083654263,295.627256062293,83.6817049852074,87.0775781830495
"CFD07-122",185.713697918188,35.0957426337736,281.799650692198,83.148644856512,85.008316406783
"CFD07-123",189.069876008497,34.2581760790593,301.510345386721,84.0618662719512,83.4474033355689
"CFD07-124",193.09171942095,33.4384252171979,282.156722653228,83.4157034600476,85.0036928415208
"CFD07-125",184.335531003013,31.6890092985224,292.653332609991,86.7114137882607,87.6618805453882
"CFD07-126",188.024527985135,31.1051701567682,292.729392076963,83.7319726045594,86.3822973724955
"CFD07-301",179.554773061406,40.5312343686303,285.938625578972,80.7411802278454,80.1864417556154
"CFD07-302",200.894451154716,33.5843482372648,301.7823053371,85.5287710668216,84.6572896133641
"CFD07-303",204.568739371531,36.3344478869528,297.625115293668,82.4790395265437,83.6166065047344
"CFD07-304",188.8013515897,35.7212376844255,297.349365419146,80.6014094116378,82.1171027051297
"CFD07-305",190.708945507682,34.3077662481427,288.950021631266,81.4227117537899,84.5517527714293
"CFD07-306",199.639879988318,33.7768335877883,302.152231403972,82.4479180862503,84.2642428991596
"CFD07-307",196.44500742199,35.0923423305211,280.573789213276,83.0108696162167,83.0382334680531
"CFD07-308",199.470672564932,35.3705333997664,286.882522992059,83.6000921342524,84.9242971540887
"CFD07-309",202.596139927962,34.3296598699466,296.461752924111,81.5661034333449,82.6079753767467
"CFD07-310",195.22914252291,35.9954248705819,305.0137454203,84.340285536217,85.9230920200568
"CFD07-311",194.671510750004,34.4015696208622,294.900736994972,82.1494094792484,84.8148862139655
"CFD07-312",198.605300960901,33.2051278962066,289.055818269408,82.5392392361723,85.0691145745165
"CFD07-313",193.169963514365,32.6473580291079,291.598880055006,82.8993291128522,83.19186430027
"CFD07-314",186.269247866726,35.9555559702158,279.610952804335,82.3929308830762,83.6647857602681
"CFD07-315",200.553361509351,33.1567659776127,292.487245193802,84.4855372981313,86.112850058078
"CFD07-316",185.019193315642,32.3273991720812,297.866087863906,84.0135332866168,86.3997900485513
"CFD07-317",188.893132168808,31.578878802706,291.695346632885,84.2171702829022,85.8753629722053
"CFD07-318",199.21812181643,32.8135469992037,288.440172538425,82.8371718767589,84.3201805055885
"CFD07-319",176.402644356522,32.2743326442074,280.706152171155,83.3768436418724,86.3477991833965
"CFD07-320",196.132190994873,31.6467170665105,290.235801394003,84.0321725470338,89.3301932190293
"CFD07-321",195.130377589975,32.5877151645603,303.013905960602,83.0887855196888,86.7995866657361
"CFD07-322",189.192942654203,31.622739283647,289.326965133139,84.0712321503549,86.8228057567635
"CFD07-323",169.930852483388,30.8339465557511,295.13940680585,85.8421409776521,90.4318375430594
"CFD07-324",187.027196007568,33.9018170522613,288.139796166004,82.3513958414439,83.7154448576958
"CFD07-325",203.287700092324,30.4904197742259,301.899858726491,84.8735696895569,87.8969267198186
"CFD07-326",208.539210407257,30.2895128856477,308.107915148668,86.362123278614,89.0685938232378
"CFD07-327",191.70187551418,32.7388580518968,277.732785437498,84.1252215568362,86.6456784371451
"CFD07-329",200.022184556147,30.6855382337931,284.462804326308,83.9519363976994,87.1168610665438
"CFD07-330",204.818508489071,34.1335525886456,300.266316392709,82.510931352243,84.9581053635672
"CFD07-331",189.799161717641,32.9626045535689,294.45567774797,83.4786187310685,83.3032783607909
"CFD07-332",215.618818077173,31.3726126189228,298.920817126856,86.5639884340734,86.8394247718677
"CFD07-333",189.263665082185,34.8419377793177,272.597123958789,82.6434322671541,83.6573284942676
"CFD07-334",207.536249795205,33.2603670206421,292.996476083805,84.4242392166792,85.4309526302074
"CFD07-335",190.658651560653,33.9760475170324,270.870597327906,82.1391833143622,83.2566747075259
"CFD07-336",181.866088129889,31.0223835978709,289.571119618044,85.9046408277147,87.2679821194796
"CFD07-342",192.329925829189,32.0845282740872,277.901024225407,86.4255607867829,87.5696066660127
"CFD09-044",204.402742349694,33.3352570869011,298.461246391284,85.3223078150897,88.920348367935
"CFD09-046",167.238648685937,30.1708772428565,298.478259385752,85.0199994183491,92.725885395186
"CFD09-048",185.506771370747,30.0454368996776,300.3932760162,87.7261637403602,91.9337174141798
"CFD09-054",190.139798563268,31.6059191099312,280.749916005779,83.7281489005663,87.6699925310688
"CFD09-062",191.942206056967,31.1670244305659,288.552167744217,83.5088033646893,87.7584795039016
"CFD09-068",177.382602560686,34.7213318839779,291.458274684277,83.4708184735564,86.4697376230453
"CFD09-076",188.992769730025,33.3500519566564,298.818400633844,83.9125304819528,86.5478362256584
"CFD09-077",197.812412544087,33.3717081291134,309.35719426947,84.5999858669426,85.9568730098395
"CFD09-078",168.034640209643,35.0877250064558,286.680859088272,80.8693009763527,83.9483399671102
"CFD09-079",198.440324749417,32.695351055578,293.794419576926,85.1396405630575,87.8484902004859
"CFD09-080",165.185795422404,34.4235520926013,269.807506378277,81.5863225244282,84.8215619805349
"CFD09-086",175.417289431497,31.1999107285868,308.112512392498,84.4794731141742,91.4009757288847
"CFD09-097",182.424201008752,33.6830714060749,291.747771006681,83.4950632437111,85.5050767378598
"CFD09-102",181.233490763656,30.3862635321426,291.053848621401,86.5623682705909,88.5505570021547
"CFD09-103",200.744051934906,29.0676613140785,291.854671691746,88.2930576899785,90.8287446068914
"CFD09-105",158.41622267706,28.9533398552945,301.661246508997,86.4554038531381,91.9222996565112
"CFD09-108",195.18588600894,30.534640765893,295.491254396028,85.5827312761324,88.3723554613546
"CFD09-112",190.590973702732,33.8306285025986,299.331866634956,84.5889500740296,86.4782383893389
"CFD09-115",177.519780197502,31.8287518256068,285.34511756389,85.4366536879309,89.8739170603646
"CFD09-302",178.222039873513,35.8913013505301,286.188149907552,81.4562540264217,83.7440440168993
"CFD09-304",186.303499428216,31.6893969956164,297.112736880538,82.5120252170685,84.0494660460728
"CFD09-305",184.070596692633,33.2300782671866,287.288553821157,82.1287435103372,84.2218309553526
"CFD09-306",169.586051343743,33.1963779698399,281.588939537565,82.8731596344083,85.1785827550962
"CFD09-307",196.365039411405,33.4320575033464,304.19278323942,83.5678259982515,85.1709142347188
"CFD09-308",193.861637709663,32.8522142509771,297.645930265302,83.6588451016846,85.8018590098988
"CFD09-309",207.982291670336,33.34785105563,302.333272385993,84.1336933013764,84.7854437708431
"CFD09-310",193.79627439305,32.7883660978549,298.534288612476,83.3470049919758,86.6781734865373
"CFD09-311",186.448447092334,29.9509295857476,289.828493890174,83.1104600802817,87.7757092013777
"CFD09-312",168.422885181917,32.1595515413573,280.157642292046,83.93570473856,85.8425838710065
"CFD09-313",198.427512555578,32.3905755436416,288.795617910324,83.9359495610624,86.0153364977328
"CFD09-314",176.459685625965,32.235307784132,293.767462382244,83.0081789418227,85.768018192015
"CFD09-315",197.189203038979,30.5713582087771,302.141147835944,87.3814980738948,87.6158844664056
"CFD09-316",184.155911976455,33.2197208930081,296.285966396783,83.2726885342306,86.5574735680533
"CFD09-317",179.522434412469,33.3654296792007,278.457334564974,83.8900027977353,84.649444545909
"CFD09-318",179.040596477853,33.4264116461137,295.727444558784,84.3819512373927,87.0910678111982
"CFD09-319",200.652073315318,36.2237245790668,300.853901464767,86.4882483818443,88.0048179740868
"CFD09-320",169.489669838392,33.0608013908821,276.591390636575,83.3071360254144,85.9119702438134
"CFD09-322",182.946332483337,33.3172208268164,281.16807907549,83.3381289795118,84.9308785902081
"CFD09-323",179.977749742155,30.8355294029868,293.899118346264,87.1970619871263,91.7283198201258
"CFD09-324",163.240210775458,30.4680852319455,280.495887422108,86.8330590307102,90.462300507548
"CFD09-325",196.663346826886,28.8396530390659,287.626900585339,88.8706358603262,90.81552800545
"CFD09-326",172.250340755583,32.542276396121,289.08777571329,83.8099797186131,84.9714010583356
"CFD09-327",190.065654002454,33.0795674073622,288.025783630599,85.8762879086189,86.2690958791828
"CFD09-329",173.811772286075,33.1559709692121,296.273558739294,86.0023741422838,88.2466607747111
"CFD09-332",188.396999742003,30.4610433420225,299.733381918048,87.1578707453586,89.5054134578216
"CFD09-333",164.096332811506,32.155944416956,286.451386127501,82.0734690825642,84.9752596814355
"CFD09-334",195.712334871706,32.4706707101007,301.081328302927,85.2852665592501,86.7460136369638
"CFD09-336",171.454870001366,33.15641196268,292.217894955111,85.328784538703,85.6266346319388
"CFD09-337",187.420031354391,31.2528125220012,304.224397588235,86.688165071863,89.2990959679123
"CFD09-338",198.770840062523,30.1540194241581,299.239604361601,85.5468483475799,88.9510496571085
"CFD09-339",208.994101779343,32.313230484819,300.809976601903,86.4066314525649,89.0351228818549
"CFD09-341",158.631904240051,34.1167324287301,277.142801063134,82.2680657918047,84.2638689235912
"CFD09-342",199.699623929089,30.8880932848605,305.348175401047,86.2893686649448,88.6090738720637
"CFD10-001",200.997013121945,33.4203249163436,290.381871068825,81.929371102381,82.9073658050151
"CFD10-002",183.446204922394,35.8861108481392,286.717656946302,81.6771270736432,84.4767328063959
"CFD10-004",205.280676914945,36.565147846603,297.621035121809,83.0803990654833,85.079064697219
"CFD10-006",197.002700171032,32.9725028283439,303.829249224561,84.2114953745806,88.4730136784198
"CFD10-007",178.597917842763,35.7147692262922,277.050636254516,80.7518314717856,83.9952103936912
"CFD10-008",188.669060844505,36.4357568931148,290.029979662506,81.7861936413715,82.3329780385647
"CFD10-015",190.079646889047,34.8742701234128,285.420842608305,82.1715889351959,82.2937722638913
"CFD10-018",204.207426474914,36.4382477288577,298.114368176921,82.5724426314918,84.8717980421418
"CFD10-019",172.35760897577,37.3861903300084,278.551508826796,82.108492961533,83.1693592586486
"CFD10-021",181.993880712883,34.3122349139103,285.682639040953,81.8768838772732,82.6848722495322
"CFD10-031",190.845809789132,37.9329090642954,294.054829166563,81.8838155051022,82.3803000158957
"CFD10-033",192.044988904527,37.4514449854717,284.047379837249,80.1809794861682,81.4760978171994
"CFD10-034",201.291632131831,34.1311128284815,278.894447269734,81.9939138024056,85.0810360481895
"CFD10-036",192.213188443943,37.130475954948,281.38882373456,80.6855241003991,82.2477099361126
"CFD10-039",161.200728850088,37.7236700683286,272.560223951508,79.6193780041514,81.0855733678125
"CFD10-041",195.378743021907,36.7454085858733,286.589820707642,82.0207567937578,80.9314546980376
"CFD10-045",186.456605658096,35.1147370991053,293.705293214662,80.1810031674737,84.9843156864731
"CFD10-050",201.854224274829,33.8146202479709,293.215454928117,83.17180712446,86.1593615699154
"CFD10-059",199.871344808778,34.3211907236637,296.805407323974,83.8312774965652,85.7554195587269
"CFD10-061",197.642731368906,36.0815579183625,286.870051517679,82.0397313178827,83.3288228217315
"CFD10-062",187.775391431178,35.4531119487557,289.934115145908,82.7821011765682,85.8673940301996
"CFD10-063",191.031025911554,36.9853165375392,294.500387485678,82.729251505991,83.6290125943111
"CFD10-071",181.480108399229,38.7729267554361,283.110060027801,80.5584817092403,80.8514445647692
"CFD10-072",186.35322353564,41.7504968901347,288.764354123205,79.5736568233634,80.3050639631505
"CFD10-077",188.355296764083,32.7154960168962,301.966286169267,81.9613323581172,83.2544178781421
"CFD10-079",167.274950643248,37.5151117706831,290.325093823715,82.8872555167609,84.4264607406087
"CFD10-080",183.05768526312,37.5195980219191,295.388006816695,82.7784084079888,85.2479876148568
"CFD10-083",185.685434729872,35.7435419658864,287.987177015862,81.7244467151151,82.4215447818949
"CFD10-087",179.406390839892,33.4326396256783,295.505981675614,81.7664593649563,84.3227779680678
"CFD10-088",181.181377030236,34.8040972713852,287.410697961827,81.2105394442236,83.6768607888804
"CFD10-089",190.374331172796,37.3252701219794,293.257247048272,81.7314464441506,81.5447562374862
"CFD10-090",157.576986643789,37.3435121668827,280.276847478121,82.7519942771909,85.6513421143191
"CFD10-092",181.64362468291,35.5529296550286,293.070054140838,81.541877569041,82.9293536560164
"CFD10-093",182.967801656173,37.3726669414176,288.880928141497,82.0389360106745,84.0599844329953
"CFD10-097",207.021913351595,33.1581823980509,289.084466841804,83.4957736150398,84.3415166084868
"CFD10-099",188.718291157127,35.7111752336377,297.969052028062,81.117650110824,83.9655860081612
"CFD10-100",184.663312022573,34.736762990913,297.758020603595,84.3463820753778,85.3290099916012
"CFD10-101",200.576912209068,34.4586649437649,297.024287268867,82.8959954318108,86.1775806645447
"CFD10-108",192.355660784359,34.5294926937889,297.274038744114,82.9323286164414,84.0778311153395
"CFD10-111",187.90146662378,36.0934150374597,278.791084008357,81.7648845484483,81.2281866506636
"CFD10-112",203.01882175591,34.0041923411478,297.300608571952,82.6878921414272,84.5743361505942
"CFD10-113",158.850301903803,34.6083948704027,288.577331569049,82.6572912260633,83.3927255657102
"CFD10-114",203.634362432681,36.2455422105488,295.948272830149,83.468659800526,83.8655688182049
"CFD10-117",184.037378765457,37.5044673711848,302.170272331753,79.99361217735,82.0764356979475
"CFD10-118",192.53105607815,37.621395432889,285.514219420613,81.9542379645717,82.6462044323575
"CFD10-119",206.229969351733,36.1651948044256,297.55306591454,82.2351658066151,83.9133338010556
"CFD10-120",201.213182459222,35.0607750505297,292.64101359626,84.0301151273853,86.093080635681
"CFD10-121",195.9598680207,31.9255503810487,303.891488285844,83.8504058969478,87.6660022366436
"CFD10-125",181.202318009222,37.5165268099512,279.359928850127,81.5415961577445,82.7015308492206
"CFD10-128",194.758132603043,35.8712211474939,285.207909004428,82.2541088738006,83.0098804052568
"CFD10-129",170.503881409716,36.279717775115,278.610721132411,80.999990146051,81.956487964121
"CFD10-130",186.27849146544,36.1123828944438,287.184843089211,81.9454782464787,82.4688415373221
"CFD10-131",179.993480325362,34.3972997875739,264.040591086306,80.3622827051995,81.3012031702301
"CFD10-132",192.271884785645,35.9332096429155,273.632297273559,81.8112860437323,82.5532842144411
"CFD10-133",190.598431390659,35.9396360763253,307.207085212007,83.0490239587829,84.5972140453789
"CFD10-136",185.386470779216,35.6986343692109,277.225577005553,82.6175288499814,84.8991261107776
"CFD10-138",191.581620736066,34.4388995115417,295.095694654748,83.0553043799033,84.9886069961216
"CFD10-139",177.676244516023,37.3085686429837,279.604284231001,80.5623684072883,81.6668972852884
"CFD10-142",169.709755722688,37.9399294219919,286.243825965837,80.771840837835,82.6280271822481
"CFD10-143",181.683531041752,38.9818655391259,281.493292825142,80.9462827733803,81.7210981345139
"CFD10-145",156.758776487997,38.6923296001214,269.878032984897,78.9716614229158,79.3736772549822
"CFD10-146",209.067799045017,32.9410342060994,304.024556775125,83.1061499201027,86.9199094686117
"CFD10-147",187.918119665912,38.0269658614363,290.600388632353,82.598773866847,83.5003620980142
"CFD10-149",173.355191293256,35.867846735869,284.965357458957,81.6138203877733,83.8300072427552
"CFD10-152",191.658763625656,35.3368991402326,290.0589251871,82.8999304077982,84.3375268209899
"CFD10-153",196.964803851136,36.5692223475884,281.20882918713,83.0867306556798,85.1376876347368
"CFD10-154",187.965294748762,35.9227414564561,292.155390824422,82.4852093189822,85.674523215168
"CFD10-301",186.25054900954,33.2027354340776,268.048921525439,79.3693494099658,81.7843106563187
"CFD10-302",193.742875391147,34.6507841426066,292.139539327892,80.4611280106411,81.7690863221747
"CFD10-303",188.334419057449,36.2046663826395,289.371832073414,81.3832956739002,81.3270896858614
"CFD10-305",184.239583227546,36.4944548543244,282.608142390676,81.3771190944114,82.1988771311275
"CFD10-306",178.783175683451,36.6526645801853,277.376510920066,81.7079745198127,82.1020124696409
"CFD10-307",180.188325345376,35.7548587533916,278.851897739346,79.9193054420647,79.6637950952902
"CFD10-308",180.778206006859,36.3274080514911,272.432427517775,82.3320231847246,82.1774479448425
"CFD10-309",178.740995275781,36.2305068631566,282.161009435554,81.2935925381336,80.7092187580486
"CFD10-310",183.559106403383,34.3892587905669,289.152292177172,82.6007622914645,83.8771242853731
"CFD10-311",171.862890928085,38.4136256318045,274.243383943542,80.466910465482,81.4694868528716
"CFD10-312",170.14648474195,37.7582927230462,286.105752178606,81.8046165098573,83.5013501032575
"CFD10-313",175.04036333495,33.5287392200422,279.361932486792,84.6198107313885,86.0461033461067
"CFD10-314",183.87375116545,35.7929426894642,271.516424919953,81.3418404450097,83.7888696828848
"CFD10-315",202.026170635519,36.7747271965653,296.217062411853,82.6285781222665,84.8371817434081
"CFD10-316",195.357519605305,34.0911956776718,295.220721893434,82.4200083763604,84.9928523287331
"CFD10-317",201.132207936173,35.9579587449268,293.22273991629,82.6547370322497,83.7657335745577
"CFD10-318",193.178536041718,35.0867802427495,295.91309191811,80.9981516178211,82.7622463996053
"CFD10-320",197.214730508046,36.867483673896,289.400349170928,83.4984226571871,84.6889711198605
"CFD10-322",185.929997884886,34.507331777281,286.296200440618,82.3170135495794,82.9173344322016
"CFD10-323",189.712590069006,36.8815850792863,274.117901471188,82.0040524126755,81.9371439126349
"CFD10-324",172.935561230767,34.2842282020449,278.348252552848,84.9307660075936,84.0190488526064
"CFD10-325",189.322690108604,34.0943522583278,283.769351978866,84.7192247928403,86.1114885043198
"CFD10-326",193.290783891351,33.0453282535598,288.153519682911,84.7290181003538,86.6771764247047
"CFD10-327",208.806449982101,36.3369072089434,301.774055885191,83.4730936356071,84.9268707665106
"CFD10-329",191.037167035288,34.2213577866084,284.212660301306,81.4662644975533,83.5485283273198
"CFD10-330",193.100588948516,35.0086505181698,295.700643125991,84.3105012313583,85.5042845031856
"CFD10-331",181.785359775117,36.4878984407789,283.328190567887,80.2619461939622,81.3317221810802
"CFD11-002",199.856309809513,34.7056306981836,284.774906846839,81.0376634040777,82.4564464160998
"CFD11-004",199.265399369006,35.8142545391887,286.157020269241,80.5948071004144,80.5533439298148
"CFD11-005",213.670358678796,33.558213530879,301.484311955409,83.0734259685805,84.416080572466
"CFD11-006",191.53596495334,35.1684803476088,285.15086654893,81.2250523750316,82.3227185400727
"CFD11-008",201.853489127793,36.1759781647893,289.392737876096,81.8896126988104,82.7080094619978
"CFD11-009",192.875286958826,34.6940398757174,287.630651438526,82.7052686123961,84.9326108735993
"CFD11-010",189.111527589055,33.7560906667327,294.318694384308,83.4245778792904,83.6871824094494
"CFD11-011",183.477837473935,38.2496168688005,276.802510303048,80.785712744273,81.1948215872375
"CFD11-021",200.970256051361,39.5227400041946,289.129010513736,81.9943337882808,82.9865264241491
"CFD11-026",190.356807589093,35.8686281580883,294.994893721291,82.2174901354909,82.665393118938
"CFD11-029",193.022886639514,33.0479873935176,300.870384448346,83.0773021013102,85.8448416707582
"CFD11-030",207.022425984409,34.0025684401195,295.278176554979,81.2506874242812,82.2084494179819
"CFD11-044",198.325544963714,37.8537807109238,282.668802868747,81.1213040905931,81.6188009568981
"CFD11-045",185.018023092609,36.055392424539,285.247746643779,81.2770114503364,82.3186607498768
"CFD11-046",175.525273240222,32.793681414662,278.052059033377,81.7964169359383,83.3523856038137
"CFD11-047",187.689031697148,35.6521696631877,288.428337017756,80.4846246057255,81.2318808976407
"CFD11-048",192.029064253041,36.4927582722691,297.906289040997,80.6760633311456,81.8283407544089
"CFD11-050",188.009735647437,35.4181718904831,290.448190129338,81.5856549661716,82.5375855966462
"CFD11-051",186.797264429638,34.9732143685303,287.620879621134,81.4020976584566,82.5668287991205
"CFD11-053",197.989759104164,38.2452368036448,291.07553085686,80.931029652355,80.4088860274248
"CFD11-054",200.242493037202,31.855399021871,296.043090602171,83.0793091663701,85.8054249881288
"CFD11-057",198.231602944935,33.949703763517,286.132362161514,82.2728006755923,82.7804457504532
"CFD11-058",184.363997233277,34.1371746696778,282.194256278203,80.917805934111,81.6908890242884
"CFD11-059",185.96578877537,36.7001197438077,274.456667781106,79.6060906801052,79.6339254231756
"CFD11-060",177.876265757223,33.1259985072336,295.17131332491,81.3807623697397,83.1063876169766
"CFD11-062",191.205263654117,35.7988955201789,281.39310613108,80.6452713190318,82.3613074479371
"CFD11-064",185.964915956777,38.2838364044041,282.667264775831,79.0357086768321,79.9278474508725
"CFD11-065",198.122429457497,35.2256959725331,293.84297316958,81.8694960129485,83.1460224993682
"CFD11-066",205.243863968227,34.8103931474561,277.962118042805,81.8861765232131,81.73474370086
"CFD11-067",195.743829491339,34.3592860492408,291.342923542173,81.1616797811007,82.400702402097
"CFD11-068",186.175844617941,34.0691146799038,287.419935090859,81.5824731818068,81.6586823947096
"CFD11-069",190.150709631892,35.8419701190035,287.092045568026,80.7982069614836,81.7589143780024
"CFD11-303",183.585705897602,37.4803390698315,279.446838317679,80.9891357983936,81.6209403801449
"CFD11-304",187.664626053394,35.1219325278534,294.151823613215,80.1456330311826,81.2136986651218
"CFD11-305",198.189033856547,35.1483291407322,287.40337621904,83.1275276282236,85.0713975821596
"CFD11-306",169.952146571814,35.1507750751903,283.662217630164,80.4948759746674,81.5570216838361
"CFD11-307",194.784714306248,33.7685021434757,287.593641759854,82.6016791108029,83.1058922796935
"CFD11-308",200.038516675643,34.6575526238976,300.241468060877,81.627212172285,82.8487441515655
"CFD11-310",180.650510126058,35.3033207935339,276.965929069387,79.2371538804331,80.358117102533
"CFD11-311",183.740913461119,34.4437931567908,282.724791679153,80.688217742606,81.8703555408167
"CFD11-312",181.75781495975,34.932696895405,295.068263476503,82.2409711554367,82.7702363463395
"CFD11-313",188.873106396664,37.6142252872481,284.285417919991,80.5529713164708,80.7978276847968
"CFD11-314",184.724375484213,38.1140265221528,282.907446267411,80.4864184355799,81.7156362500437
"CFD11-315",183.901048374967,35.8348939238453,278.591890991664,83.2938889909666,82.2021615938404
"CFD11-316",191.970153310841,35.573296813524,287.23162202807,81.243365281943,81.6672161648777
"CFD11-317",200.599948807544,38.6344875249409,271.744581379359,81.5574958535018,82.5355126164981
"CFD11-318",206.997534682889,34.9219299146507,292.117279551105,80.8952768590039,82.9251751440336
"CFD11-319",200.069066895314,37.37933795439,291.83120559548,80.6487558010684,81.7439907228171
"CFD11-320",199.182031428025,36.7143130029741,289.478306895987,80.6970379347518,81.1526816464005
"CFD11-321",177.052444626246,37.8289431497671,278.007420084611,81.9632139990597,83.2502706402336
"CFD11-322",189.53966632595,35.9980276125393,277.828841464411,81.294340605955,82.3187614684628
"CFD11-323",179.449434699384,34.3404972458294,279.322956683284,82.1899767425226,82.149496619041
"CFD11-324",194.441145362526,36.9758820834335,288.797306342302,82.5448322474293,82.7135767019461
"CFD11-325",180.612251394313,35.6266937391037,271.658149915496,81.814214780129,82.0180046540698
"CFD11-326",197.790289152859,39.8293885393166,287.745131660361,80.2181148593727,81.7520646798617
"CFD11-327",206.075494551243,34.0354316477191,292.759391385607,82.6615439844937,83.1759053321233
"CFD11-328",184.141974655052,34.223980609624,292.682804204495,82.5990857734535,82.9594050860736
"CFD11-329",202.399099960986,35.190300702099,285.339308448947,81.5101980051302,81.7090440809774
"CFD11-330",195.060796576538,33.2063498131346,289.491222449568,82.2556474643887,83.5014406587817
"CFD11-331",184.573029494371,36.263368703782,288.449757587353,80.821014953838,80.9750084203136
"CFD11-332",194.56285891691,34.430447437034,297.969572152258,83.1206195895476,84.8101762218579
"CFD11-333",191.259442862768,36.5207695668724,279.353538719764,81.5309742752651,81.7228462584602
"CFD11-334",201.413291790764,35.4931360554759,288.700013535501,83.4016760212017,84.2495062877666
"CFD11-335",213.662262938475,33.9085867399133,296.931806248455,82.142880998095,83.4272324654677
"CFD11-336",214.693167990163,34.0496023256096,297.328147676315,82.2383513019815,84.8436509260479
"CFD11-337",202.892861854694,32.3484114590621,293.984160348623,83.4252700442814,83.8260149164751
"CFD11-338",193.692082381483,33.3119968341926,303.339673900728,83.3089715796908,84.7207273306335
"CFD11-339",190.861721502638,32.8839073719881,302.716562833351,83.7253199518094,85.5344173662911
"CFD11-340",183.352425391769,35.1148553597576,274.841166610147,80.7792216434656,80.5449373985256
"CFD11-341",192.344377198608,32.7451163689956,296.34837078756,82.4280503591982,83.3360413836557
"CFD11-342",178.768763319297,33.0741570332045,294.712903842114,82.3592997217225,84.8172606176499
"CFD11-343",191.733869401114,34.5740118022761,294.646997586289,82.6377411537501,83.5634878308259
"CFD11-344",183.229752348137,33.6885826293804,296.707079422492,83.2628059152299,84.2906366031284
"CFD11-345",197.142593296079,38.0011685732364,289.299236181746,80.4489311206423,81.6495485769861
"CFD11-346",186.837451087132,35.235250100775,287.059603476828,82.3201103353742,83.6445206203593
"CFD11-347",217.806197028497,34.9073633494262,296.20229756204,83.1676032764268,85.6550450864454
"CFD11-348",189.027818880704,33.8440891486827,289.909057962086,82.3202888436417,83.1352977683987
"CFD11-349",201.210043675249,34.8444277285808,291.139192385262,83.1883201628202,85.3728785049155
"CFD11-350",188.157648680046,34.5471150007765,291.633397656427,82.8729097923064,85.3639219948397
"CFD11-351",187.503808834341,36.9152860855019,291.840496063384,80.4104947868789,81.1952117817049
"CFD11-352",190.605455330026,34.1748552546355,294.44853681774,81.7532370429406,83.2377727364369
"CFD12-013",163.953054554966,36.0949459788669,258.853235455699,78.5544804520603,81.9071042561525
"CFD12-018",166.55409388464,34.0416098986763,258.590502825663,80.3604726719377,83.0842926192107
"CFD12-019",190.568342197266,34.3800002023118,272.056127653604,81.1112738778125,82.8903084838056
"CFD12-020",173.927194088482,35.9747592557394,269.696448320249,81.0846948462288,81.7080133607035
"CFD12-022",179.525258350212,35.5750991423652,281.067324400424,81.9448035555924,82.8996776060748
"CFD12-033",173.49040373538,33.0999284406624,273.64770328009,81.5400090513477,82.7256064996103
"CFD12-034",141.220093180588,36.7817394551696,255.287153410043,77.8539957852429,78.1540540269695
"CFD12-035",202.649038997475,34.9509175280967,292.759707386451,81.6297018146235,81.499740284874
"CFD12-037",169.596086376183,39.7086040276484,250.293925199157,79.7530786462561,83.4625825722185
"CFD12-038",188.876729103248,37.5695314644457,274.186953102762,81.2983136881805,81.2646580411695
"CFD12-041",165.47844083943,31.8736046131041,273.647016754986,81.7903764843883,86.5886886020896
"CFD12-047",161.202442427418,34.2030261962754,269.56029463136,80.7549546026077,82.4124396062861
"CFD12-048",169.870710075642,37.1250689013314,274.755721655412,77.6349017000231,78.0923189851991
"CFD12-049",165.019640138958,39.0529243148035,258.66973909308,79.0456089704632,78.6950156557428
"CFD12-050",193.234121705624,34.4508888825584,292.739372376649,81.602771802611,83.8054929812407
"CFD12-051",182.862721909945,35.7594555748812,272.237687881954,80.0969235746972,80.99387211779
"CFD12-052",191.705231266965,33.6826694747148,288.461198194302,81.8196682287604,84.6781993650841
"CFD12-054",171.618900800622,34.460043721199,258.171098651883,79.481966104184,81.6761787441486
"CFD12-058",179.4654805611,33.9220388384424,279.856248668581,81.2533632728993,83.3251798725507
"CFD12-060",187.240541687141,34.8182871284592,275.253476865247,80.3717846842091,82.2407119746281
"CFD12-061",177.413102101918,36.1783151378219,281.478042086134,80.7201345153391,80.8105544318892
"CFD12-064",173.083267661698,33.0955904444143,263.127044960471,81.3530511288703,84.3542306663376
"CFD12-065",172.447813666392,35.6398146345158,272.565568214935,80.8028680862912,83.6630134682346
"CFD12-066",140.512666460185,31.7493064942973,263.458599222922,80.7476386670638,83.422147681995
"CFD12-067",181.154860799352,36.3662941298523,275.90075963308,79.95313062546,81.4268524763786
"CFD12-068",172.424186374078,33.7099652648405,265.283195027344,79.7016280442331,80.2046495792335
"CFD12-069",204.395320473177,34.5814718008488,281.4029652655,82.4174734306,84.3545002681278
"CFD12-070",162.938677080418,37.1700359495141,273.150862625416,81.7503887394243,83.787929820565
"CFD12-072",175.821851381322,37.4605575549225,254.216026267173,80.6560230816139,79.4510552468657
"CFD12-075",169.527425684081,34.8209584513034,262.712941474191,78.9155886108551,80.3302770449308
"CFD12-080",200.329342994546,35.0654492121248,292.540347358603,82.605358686382,83.2368546554
"CFD12-082",175.943158678078,41.2664009045149,266.11604025887,79.1365846928588,79.3843431700464
"CFD12-083",159.884908160829,34.4695791320934,265.786702690679,80.6587078964956,83.0515213842698
"CFD12-084",174.384717683025,34.9660692872492,264.926131750532,81.1050488046151,82.0744846989764
"CFD12-085",179.535839616657,38.1035815139498,287.892592945632,80.2428219333898,80.9171161615413
"CFD12-087",173.452332736768,36.995231045817,283.965772718741,79.9646687907659,80.8930194637788
"CFD12-089",149.220668733415,36.8370121996724,242.863423397406,78.0784054887858,78.3032589281535
"CFD12-091",174.462689071343,34.1748293035223,276.448852351997,80.4759694662085,81.4902130792554
"CFD12-092",183.484634109423,37.7720420902898,272.021646356685,82.7071292274175,84.9920122490148
"CFD12-093",174.782129304282,35.5978822000787,268.432403759072,80.3066820922126,83.2532115821084
"CFD12-094",183.405679222933,36.8441468470266,290.510777508188,80.5725307790173,80.6906066597126
"CFD12-098",178.2282590821,36.928128936175,269.276531863534,80.3696993422428,82.4997998684048
"CFD12-099",164.780737679059,35.6024893901631,252.284853962234,79.4284949195886,80.3303707048118
"CFD12-100",183.982390279699,31.8642608392673,270.841035362985,82.9841550151156,86.1397637061564
"CFD12-301",176.889825160902,34.0116623480126,269.558612299541,80.5689131375985,82.6100243592239
"CFD12-302",186.82097518928,38.9502086234948,287.956262441684,81.2445822840818,81.5030689423575
"CFD12-303",164.817161702076,39.4404399374006,269.303057977987,79.488325707716,81.7800347832338
"CFD12-304",167.287836511603,36.0855758846187,263.976272430225,80.9024050548356,81.9805251543131
"CFD12-305",176.038599542952,35.0717889292293,266.941761430705,80.6373191366227,83.3258729827465
"CFD12-306",153.609817976976,33.5080404307152,265.303354011714,80.1425517325779,81.2989375176489
"CFD12-307",161.354986804481,34.9974258449209,283.778574582379,79.3190690137202,80.1345115798877
"CFD12-308",174.42040358944,38.2472876111048,274.701001417982,78.2352885896193,80.8188403782169
"CFD12-309",165.35712067419,36.5733138301177,278.336004174321,81.8003033874068,82.3392574626398
"CFD12-310",177.285258998147,38.4409706818467,266.448080604117,79.4432652360481,79.8376470985666
"CFD12-311",158.757743782748,34.7247569006881,281.409704005678,81.1482443204819,82.1948745413009
"CFD12-312",166.519790157702,37.18794579748,280.615288125458,79.6664681748779,80.3623610619483
"CFD12-313",184.98342528828,34.9141584228708,283.04275671265,81.5027601853546,83.4039475479599
"CFD12-314",179.957902609219,38.8513404570886,278.17252544435,79.0127524026379,80.2445973277713
"CFD12-315",196.32816175048,38.5499883053234,288.915521150104,80.2305219038947,81.5461759172039
"CFD12-316",180.867846484856,38.0310099489117,261.096930141265,79.9649976502841,80.7036190944824
"CFD12-317",179.389509551399,33.8190241195307,281.253440031388,82.8771805502703,87.3798766837582
"CFD12-318",180.694828500554,35.4248971606444,275.237112102346,80.9211714670323,82.086994489095
"CFD12-319",188.474970540908,33.659066288622,283.737227916409,80.7171740266664,82.0617808082392
"CFD12-320",169.098984198564,38.4915149853955,271.422836925684,79.5921639254458,81.282236610843
"CFD12-321",181.793510415938,38.6678500299933,277.104782472234,79.401084859023,79.2158804410529
"CFD12-322",172.992214274949,36.504452020475,263.772158318267,78.8254940999818,78.0700363196767
"CFD12-323",188.389057771698,35.9889490646525,277.981564509231,81.1657948155254,82.545188760873
"CFD12-324",167.620384064313,33.466628536013,274.067625537226,82.56270681716,85.8994299785346
"CFD12-325",175.065423859398,35.7205902322205,269.049319654166,80.0276033028217,80.9652138430902
"CFD12-326",187.323530129744,34.2149929934712,280.674749391962,81.5494224001411,84.0798653674888
"CFD12-327",168.006159765069,34.3565390216537,275.850186249146,81.1271964035877,84.1661615991565
"CFD12-328",182.99716749196,36.4120042491062,275.976752653655,81.4328152783961,85.0580073863631
"CFD12-329",195.905330240864,33.7897687862733,290.139055736381,81.9504881679109,84.3983833268305
"CFD12-330",182.44878227004,35.2569966035645,277.051279233013,80.9393993942933,84.1298803115454
"CFD12-332",178.329719455862,34.7384648630369,282.24839501203,81.1862333890931,81.6123973850486
"CFD12-333",173.358597324298,33.9446948670267,275.46361743649,81.1061420826728,81.9951269195216
"CFD12-334",185.626232008954,35.4085093103177,275.523622820764,81.7420186771908,83.0351645620811
"CFD12-335",196.815242101739,32.9956694187309,303.588993393579,81.4804848797153,83.6246303714139
"CFD12-336",186.16551518759,34.1463239180384,291.721504007818,82.9026729681799,86.4414928452407
"CFD12-337",167.127203939395,35.9237533142127,255.415239686542,79.1147219109552,80.1495932741489
"CFD12-339",178.866024517391,33.4588495391731,293.137899779137,84.7993758660301,87.405346246618
"CFD12-340",178.650701069463,33.3169873221122,274.958075872223,82.2071983322653,86.306424931682
"CFD12-341",181.077287030095,34.4362625341679,288.967483615119,81.1837521796348,82.6648860963723
"CFD12-342",183.460308959521,38.1690152084335,267.571943017348,81.573268255947,83.6086067840938
